{
  "MSE": 91162392.0,
  "MAE": 1838.4903564453125,
  "RMSE": 9547.899873794237,
  "R2": 0.6285459399223328,
  "Explained Variance": 0.6335667371749878
}