{
  "MSE": -1.5809245795643179,
  "MAE": -0.5870740947939114,
  "R2": 0.8634617311710453,
  "RMSE": -1.2567559364939556,
  "Explained Variance": 0.863556870414131
}