{
  "MSE": 1.5095389707777405,
  "MAE": 0.5629215670377166,
  "RMSE": 1.2286329682935178,
  "R2": 0.8671538556361311,
  "Explained Variance": 0.8671766221590244
}